{
  "prepare_queue": {
    "installed": [],
    "uninstalled": []
  },
  "config_munge": {
    "files": {
      "res/xml/config.xml": {
        "parents": {
          "/*": [
            {
              "xml": "<feature name=\"Whitelist\"><param name=\"android-package\" value=\"org.apache.cordova.whitelist.WhitelistPlugin\" /><param name=\"onload\" value=\"true\" /></feature>",
              "count": 1
            },
            {
              "xml": "<feature name=\"BarcodeScanner\"><param name=\"android-package\" value=\"com.nlscan.cordova.plugin.barcodescanner.BarcodeScanner\" /></feature>",
              "count": 1
            }
          ]
        }
      }
    }
  },
  "installed_plugins": {
    "cordova-plugin-whitelist": {
      "PACKAGE_NAME": "com.nlscan.pda"
    },
    "nlscan-plugin-barcodescanner": {
      "PACKAGE_NAME": "com.nlscan.pda"
    }
  },
  "dependent_plugins": {},
  "modules": [
    {
      "id": "nlscan-plugin-barcodescanner.BarcodeScanner",
      "file": "plugins/nlscan-plugin-barcodescanner/www/BarcodeScanner.js",
      "pluginId": "nlscan-plugin-barcodescanner",
      "clobbers": [
        "nlscan.plugins.barcodescanner"
      ]
    }
  ],
  "plugin_metadata": {
    "cordova-plugin-whitelist": "1.3.3",
    "nlscan-plugin-barcodescanner": "0.0.1"
  }
}